{"overall_acc": 0.8067010309278351, "category_acc": {"action_recognition": 0.9444444444444444, "attribute_comparison": 0.6818181818181818, "attribute_recognition": 0.918918918918919, "celebrity_recognition": 0.9595959595959596, "function_reasoning": 0.8481012658227848, "future_prediction": 0.7, "identity_reasoning": 0.9555555555555556, "image_emotion": 0.88, "image_quality": 0.6792452830188679, "image_scene": 0.9807692307692307, "image_style": 0.8490566037735849, "image_topic": 0.9444444444444444, "nature_relation": 0.8125, "object_localization": 0.6172839506172839, "ocr": 0.8461538461538461, "physical_property_reasoning": 0.6666666666666666, "physical_relation": 0.4166666666666667, "social_relation": 0.9534883720930233, "spatial_relationship": 0.4, "structuralized_imagetext_understanding": 0.7051282051282052}, "l2_category_acc": {"attribute_reasoning": 0.8040201005025126, "coarse_perception": 0.8817567567567568, "finegrained_perception (cross-instance)": 0.6923076923076923, "finegrained_perception (instance-level)": 0.8395904436860068, "logic_reasoning": 0.7033898305084746, "relation_reasoning": 0.782608695652174}}